1,ケムリクサ,https://akiba-souken.k-img.com/thumbnail/images/official/1b/1bfc58df005b80341c82c6446ceaac56.jpg?w=160&h=160,人気3DCGアニメ「けものフレンズ」や「てさぐれ!部活もの」を手がけた、アニメーション制作会社・ヤオヨロズの新作アニメ。たつき監督率いる「irodori」が自主制作アニメとして発表した「ケムリクサ」（2010年～2012年）を元に、テレビシリーズとしてリブートする。メインキャストに、物語の中心的人物で責任感が強く行動的な「りん」役を小松未可子、おっとりしたお姉さんキャラで猫耳が特徴的な「りつ」役を清都ありさ、やんちゃな妹タイプの「りな」役を鷲見友美ジェナらが名を連ねる。
2,revisions リヴィジョンズ,https://akiba-souken.k-img.com/thumbnail/images/official/22/22fd5ccb84a0a8a19d5266e09ffb83aa.jpg?w=160&h=160,"「海外にアニメカルチャーを広げたい」というコンセプトのもと、高品質で世界基準のアニメ作品を、日本をはじめとして世界にも打ち出していく新アニメ枠・フジテレビ「＋Ultra」の第2弾作品。350年以上先の「未来」に渋谷ごと転送されてしまう少年少女達を主人公に、未来人「リヴィジョンズ」と、彼らが操る巨大な機械の化け物だった。理由もわからぬまま化け物に蹂躙されていく渋谷を助けようと現れたのは、誘拐事件の大介の恩人と同名で瓜二つの少女・ミロ。孤立した街。未知の敵。「リヴィジョンズ」と少年少女たちが、「現在（いま）」を取り戻すために「未来」と戦う青春（ジュブナイル）“災害”（パニック）群像劇（アンサンブル）。監督は、第36回星雲賞（アニメ部門）受賞作「プラネテス」や「コードギアス 反逆のルルーシュ」などでファンを魅了し続ける谷口悟朗。シリーズ構成・脚本は「PSYCHO-PASS サイコパス」シリーズの深見真。キャラクターデザイン原案は、「Wake Up, Girls！」の近岡直。アニメーション制作は「永遠の0」「ALWAYS 三丁目の夕日」などを生み出した白組が担当する。"
3,ドメスティックな彼女,https://akiba-souken.k-img.com/thumbnail/images/official/15/15ba0744e07b7cb50bca5fe2bfa3c26d.jpg?w=160&h=160,「ドメスティックな彼女」は、週刊少年マガジンにて連載中（講談社）の流石景による人気漫画。主人公の藤井夏生が親の再婚をきっかけに、密かに思いを寄せていた教師・橘陽菜と初体験の相手だった橘瑠衣との同居生活から始まる三角関係を描いたラブストーリー。アニメの制作スタッフは、監督が井畑翔太、シリーズ構成が髙橋龍也、キャラクターデザインが井出直美、音楽が甲田雅人。アニメーション制作はディオメディアが担当する。メインキャストは、主人公・藤井夏生役を八代拓、橘陽菜を日笠陽子、橘瑠衣役を内田真礼。
4,ブギーポップは笑わない,https://akiba-souken.k-img.com/thumbnail/images/official/43/430e985071d29acf103c1d868f6d387f.jpg?w=160&h=160,「ブギーポップは笑わない」は電撃文庫で1998年に第1作が刊行された、上遠野浩平による伝説的ライトノベル。2000年冬に外伝的ストーリー「ブギーポップは笑わない Boogiepop Phanto」のアニメ版が放送されて以来沈黙を守ってきた本作を、20周年となる2019年冬に新たにアニメ化。主人公・宮下藤花は普段はごく普通の女子高生だが、「世界の危機」が近づくと、死神・ブギーポップの人格が「浮かび上がる」。「その人が一番美しいときに、それ以上醜くなる前に殺す」という噂が囁かれるブギーポップを中心に展開するアクションファンタジー作品。監督は「ワンパンマン」を手がけた夏目真悟、シリーズ構成・脚本は同じく「ワンパンマン」に携わった鈴木智尋、アニメーション制作はマッドハウスが担当する。
5,盾の勇者の成り上がり,https://akiba-souken.k-img.com/thumbnail/images/official/66/6635f05a40ee9026c92459a191ef2a2c.jpg?w=160&h=160,小説投稿サイト「小説家になろう」で発表されたのち、2013年よりMFブックス（KADOKAWA）にて書籍化した、アネコユサギによる小説が原作。勇者のひとりとして異世界に召喚されたオタク大学生・岩谷尚文。世界を守るために修行の旅に出たものの、数日目にして仲間に裏切られる。金も立場もすべて失った男の成り上がりを描く、ファンタジー作品だ。アニメの制作スタッフは、監督が阿保孝雄、シリーズ構成が小柳啓伍、キャラクターデザイン・総作画監督が諏訪真弘、音響監督が郷文裕貴、音楽がKevin Penkinなど。アニメーション制作はキネマシトラスが担当する。メインキャラクターは、主人公・岩谷尚文役を石川界人、天木錬役を松岡禎丞、北村元康役を高橋信、川澄樹役を山谷祥生がそれぞれ演じる。
6,W'z《ウィズ》,https://akiba-souken.k-img.com/thumbnail/images/official/4c/4c7058f51cf433931b7510ee15a4d58c.jpg?w=160&h=160,GoHandsとフロンティアワークスの2社が手掛けるオリジナルアニメ。主人公・ユキヤは音楽配信を趣味とする中学生。本作ではHIP HOPレーベル「GOON TRAX」が音楽を担当する。また映像・音楽制作協力として、DJ世界大会「DMC WORLD DJ CHAMPIONSHIPS FINAL 2017」シングル部門において最年少チャンピオンに輝いたDJ RENAも携わる。2019年4月には舞台化が決定。オープニング主題歌は、舞台版で主演を務める竹中凌平が歌う「Reason」。キャストはユキヤ役を福原かつみ、ミドリ役を増田俊樹など。
7,五等分の花嫁,https://akiba-souken.k-img.com/thumbnail/images/official/c6/c61a04bd1630f5a27889df175cf4919d.jpg?w=160&h=160,「週刊少年マガジン」（講談社）で連載中の春場ねぎによるコミックで、累計130万部を突破している人気作。監督は「だがしかし２」「遊☆戯☆王ZEXAL」の桑原智、シリーズ構成は「ヒナまつり」「やはり俺の青春ラブコメはまちがっている。続」の大知慶一郎、キャラクターデザインは「だがしかし２」「３月のライオン」の中村路之将と雅楽雅、アニメーション制作は「だがしかし２」「ヤング ブラック・ジャック」の手塚プロダクションが担当する。キャストは主人公・上杉風太郎役を松岡禎丞、五つ子の長女・一花役を花澤香菜、次女・二乃役を竹達彩奈、三女・三玖役を伊藤美来、四女・四葉役を佐倉綾音、五女・五月役を水瀬いのりなど。
8,エガオノダイカ,https://akiba-souken.k-img.com/thumbnail/images/official/13/13dc3fc2f18bfec87f70cae57b43a988.jpg?w=160&h=160,「エガオノダイカ」は、タムボカンシリーズからプリティーシリーズまでを手掛けてきたタツノコプロの創立55周年企画となるオリジナルアニメ。監督に「輪廻のラグランジェ」を手がけた鈴木利正、キャラクターデザインに「ハイスクール・フリート」を担当した中村直人、シリーズ構成に「PERSONA5 the Animation」の猪爪慎一といった、実力派制作陣が集結。まったく異なる立場の2人のヒロインを軸に、出会うはずのなかった2人の「笑顔」が重なるまでの物語がつづられる。いわや晃が作画を担当するコミカライズ版「エガオノダイカ Emotional side」も「まんが王国」にて連載される。
9,約束のネバーランド,https://akiba-souken.k-img.com/thumbnail/images/official/41/41ec93e3135423bcb1e14bc44300cc52.jpg?w=160&h=160,白井カイウ原作、出水ぽすか作画による、「週刊少年ジャンプ」（集英社刊）にて連載中の人気マンガを原作としたアニメ作品。コミックス累計発行部数は全世界500万部を突破し、第3回「次にくるマンガ大賞」コミックス部門2位や、宝島社「このマンガがすごい! 2018」オトコ編1位など、国内の数々のマンガ賞を受賞。TVアニメでは、原作で人気のエピソードとなるグレイス=フィールドハウス（GFハウス）脱獄までを描く。監督は「すべてがFになる THE PERFECT INSIDER」「君と僕。」シリーズの神戸守、シリーズ構成は「青の祓魔師 京都不浄王篇」「すべてがFになる THE PERFECT INSIDER」の大野敏哉、キャラクターデザインは「魔法少女なんてもういいですから。」「ヤマノススメ」の嶋田和晃、音楽はアニメ「僕のヒーローアカデミア」ドラマ「今からあなたを脅迫します」の小畑貴裕。アニメーション制作は、「ダーリン・イン・ザ・フランキス」「PERSONA5 the Animation」のCloverWorksが担当する。
10,HERO MASK,https://akiba-souken.k-img.com/thumbnail/images/official/46/465e69118fc456fffdf0b890b140db73.jpg?w=160&h=160,「東京喰種トーキョーグール：re」「おそ松さん」「NARUTO‐ナルト‐ 疾風伝」などを制作したスタジオぴえろによるオリジナルアニメ。謎のマスクを巡って起こる凶悪事件と、その真相を追う特殊捜査部の刑事・ジェームズの闘いを描いたクライムアクション作品。監督・シリーズ構成は「HUNTER×HUNTER」「バケモノの子」で助監督を務めた青木弘安が務める。メインキャストはジェームズ・ブラッド役を加瀬康之、サラ・シンクレア役を甲斐田裕子、レノックス・ギャラガー役を森田順平、エドモンド・チャンドラー役を高野憲太朗、ハリー・クレイトン役を内山昴輝など。
11,グリムノーツ The Animation,https://akiba-souken.k-img.com/thumbnail/images/official/d4/d4c5f7f27bef570cbbf20ba6415afab3.jpg?w=160&h=160,「グリムノーツ The Animation」は、2016年にサービスを開始したスクウェア・エニックスのスマホ用ゲームアプリ「グリムノーツ」を原作とするアニメ作品。原作ゲームは2018年に「グリムノーツ リページ」として大幅リニューアルされ、全世界で1700万DLを突破する人気タイトル。本作の監督は「境界のRINNE」「ディーふらぐ！」などを手掛けた菅原静貴が務める。メインキャストは、主人公・エクス役を逢坂良太、レイナ役を上田麗奈、タオ役を江口拓也、シェイン役を久保田未夢など。
12,かぐや様は告らせたい～天才たちの恋愛頭脳戦～,https://akiba-souken.k-img.com/thumbnail/images/official/2e/2e176671be7d339679e9377474174d55.jpg?w=160&h=160,「週刊ヤングジャンプ」（集英社）にて連載中の赤坂アカの同名コミックが原作。コミックス第10巻をもって、累計発行部数（デジタル版含む）240万部を突破。「恋愛は告白した（好きになった）方が負けなのである。」という言葉をキャッチコピーに、秀才が集う秀知院学園の生徒会副会長・四宮かぐやと会長・白銀御行の素直になれない恋模様を描く。メインキャストは四宮かぐや役を古賀葵、白銀御行役を古川慎がそれぞれ演じる。監督には「グランクレスト戦記」「昭和元禄落語心中」シリーズの畠山守、シリーズ構成には同じく「昭和元禄落語心中」シリーズや「アイドルマスター SideM」「BanG Dream!」脚本の中西やすひろ、キャラクターデザインを「刀使ノ巫女」の八尋裕子、音楽を「終物語」の羽岡佳が担当し、アニメーション制作は「ソードアート・オンライン」シリーズ、「Fate/Apocrypha」のA-1 Picturesが手がける。
13,パパだって、したい,https://akiba-souken.k-img.com/thumbnail/images/official/29/29a908e0d5d990c0959269693bffee64.jpg?w=160&h=160,WEBコミック配信サイト「ComicFesta」（ウェイブ）にて連載中の世尾せりなによる女性向け同名マンガが原作。監督は「スカートの中はケダモノでした。」を手がけた熨斗谷充孝、脚本は西藤歩、キャラクターデザインは永井泰平、音響監督はえのもとたかひろ、音響制作はスタジオマウス、制作はピカンテが担当する。大学生・阿澄皇哉役を演じる山中真尋、シングルファザー・成瀬圭壱役を演じる寺島惇太は、主題歌「Home sweet Home」も担当する。
14,荒野のコトブキ飛行隊,https://akiba-souken.k-img.com/thumbnail/images/official/46/4670feadfc2cca67dea494741bf1856a.jpg?w=160&h=160,「荒野のコトブキ飛行隊」は、水島努（監督）と横手美智子（シリーズ構成）という「じょしらく」「SHIROBAKO」「監獄学園」などのヒット作を送り出した黄金コンビがおくる新作アニメ。凄腕の美少女チームが繰り広げる本格空戦アクションを描く。メインキャストはキリエ役を鈴代紗弓、エンマ役を幸村恵理、ケイト役を仲谷明香、レオナ役を瀬戸麻沙美、ザラ役を山村響、チカ役を富田美憂の6人。メインヒロイン6人が歌うエンディング主題歌「翼を持つ者たち」は、オープニング主題歌を務めるシンガーソングライター・ZAQが作詞・作曲を手がける。
15,賭ケグルイ××,https://akiba-souken.k-img.com/thumbnail/images/official/39/396aa441be2c8581b09e10928bf83482.jpg?w=160&h=160,河本ほむら（原作）、尚村透（作画）が「ガンガンJOKER」（スクウェア・エニックス）でシリーズ累計450万部を超えて連載中の人気コミックを原作としたTVアニメ。本作は2017年夏に公開された「賭ケグルイ」に続く第2期にあたる。第2期では生徒会選挙編がスタート。生徒会長の百喰綺羅莉が生徒会の解散・総選挙を宣言し、ギャンブルでやり取りされる対象が金から票になり誰しもが平等に生徒会長の座を目指せるようになる。今期から加わる新キャラクターは、総勢11人。生徒会長の綺羅莉に連なる「百喰（ももばみ）」一族をはじめ、原作・河本ほむらが完全監修＆作画・尚村透がキャラクター原案を行ったアニメオリジナルキャラクター「×喰零」も登場する。第1期に引き続き、監督は「牙狼〈GARO〉-炎の刻印-」の林祐一郎、シリーズ構成は「進撃の巨人」の小林靖子、キャラクターデザインは「神撃のバハムート VIRGIN SOUL」の秋田学で、アニメーション制作は「ユーリ!!! on ICE」「この世界の片隅に」のMAPPA。
16,どろろ,https://akiba-souken.k-img.com/thumbnail/images/official/79/79436deaca3bec24b6cb8d19cb53973a.jpg?w=160&h=160,マンガの神様「手塚治虫」が描いた未完の傑作「どろろ」をアニメ化。「ユーリ!!! on ICE」「この世界の⽚隅に」などで知られるMAPPA と、原作者・⼿塚治⾍が拠点としていたことでも知られる⼿塚プロダクションの2社による共同制作。百鬼丸役をTVアニメ声優初挑戦となる鈴木拡樹、どろろ役を新世代の女優として注目を集める鈴木梨央がメインキャストを務めるほか、舞台を中心に活躍中の鈴木拡樹は、舞台「どろろ」の主演も同時に務める。監督は「機動戦士ガンダム UC」や「るろうに剣心-明治剣客浪漫譚-」を手がけた古橋一浩、シリーズ構成は「進撃の巨人」「ジョジョの奇妙な冒険」を担当した小林靖子、キャラクター原案は「テガミバチ」「アイル」の作者である浅田弘幸、キャラクターデザインは「いぬやしき」「神撃のバハムート VIRGIN SOUL」で作画監督を務めた岩瀧智が担当する。
17,同居人はひざ、時々、頭のうえ。,https://akiba-souken.k-img.com/thumbnail/images/official/9f/9f505e93d4c27503c7341a514cd552f9.jpg?w=160&h=160,WEBコミック配信サイト「COMICポラリス」（フレックスコミックス）にて配信されている、みなつき原作・二ツ家あす作画のマンガが原作。小説家・朏素晴と元ノラ猫・ハルが出会い、互いに戸惑いながらも「家族」になっていく姿が描かれる。交流を描くひとつの出来事を素晴とハル、それぞれの目線で展開していく斬新な構成でストーリーが展開する。監督は鈴木薫、シリーズ構成は赤尾でこ、キャラクターデザインは北尾勝、そしてアニメーション制作はゼロジーが担当する。
18,斉木楠雄のΨ難 完結編,https://akiba-souken.k-img.com/thumbnail/images/official/0d/0d83faa831af1fdf978e1ec5c0ba6545.jpg?w=160&h=160,「斉木楠雄のΨ難」は、週刊少年ジャンプで連載中の麻生周一による人気ギャグマンガを原作としたアニメ作品。関連書籍は累計600万部を突破している。超能力者であることを隠しながら暮らす男子高校生と個性的なキャラクターが繰り広げる抱腹絶倒の日常を描く。実写映画化に続き、TVアニメ第1期、TVアニメ第2期が2018年1月から6月に放送された。第3期となる本作では、物語のクライマックスが描かれる。監督は「魁!!クロマティ高校」の桜井弘明、シリーズ構成は「監獄学園」の横手美智子。主人公・斉木楠雄役の神谷浩史、楠雄を「相棒」と呼ぶが実は鬱陶しがられている燃堂力役の小野大輔ら、人気男性声優陣のコミカルな演技にも注目を集めている話題作。
19,えんどろ～！,https://akiba-souken.k-img.com/thumbnail/images/official/9e/9e27e57279122a6a24b479928bb0ed67.jpg?w=160&h=160,「えんどろ～！」は、ありそうでなかった日常系ファンタジーを描くオリジナルアニメ。剣と魔法の大陸「ナラル島」を舞台に、魔王を倒すべく勇者を目指して冒険者学校へ通う主人公「ユーシャ」ことユーリア・シャルデットたちによる、ゆるゆるファンタジーライフが描かれる。アニメスタッフは、キャラクター原案に「ゆるゆり」などで人気を博すなもり、監督に「ゆゆ式」などを手がけてきたかおり、シリーズ構成に「干物妹！うまるちゃん」やアニメ版「ゆるゆり」などを担当してきたあおしまたかし、キャラクターデザインに「たまゆら」「ららマジ」など多くの作品に携わってきた飯塚晴子。そして、制作スタジオは「結城友奈は勇者である」「きんいろモザイク」などが話題を呼んだ“Studio五組”が担当する。Webコミックサイト「コミックファイア」（ホビージャパン）にてコミカライズ版が連載されるほか、フィギュアブランドAMAKUNIからフィギュア化など、メディアミックスプロジェクトにも注目が集まる期待作。
20,魔法少女特殊戦あすか,https://akiba-souken.k-img.com/thumbnail/images/official/39/3972df01ac6149bfddf62c5152d64287.jpg?w=160&h=160,「魔法少女特殊戦あすか」は、深見真原作、刻夜セイゴ作画による、月刊「ビッグガンガン」（スクウェア・エニックス刊）連載中の同名漫画のアニメ化作品。化け物の侵攻によって危機に瀕していた人類を救った魔法少女たちのその後を描く。TVアニメは、監督が「ストライク・ザ・ブラッド」シリーズの山本秀世、シリーズ構成が深見真と海法紀光、キャラクターデザインが鈴木陽子、音楽がR・O・Nが担当。アニメーション制作を手がけるのは、「LOST SONG」のライデンフィルム。
21,ワンパンマン(第2期),https://akiba-souken.k-img.com/thumbnail/images/official/14/144ee37ba445bccaa1afe43bac0f35cb.jpg?w=160&h=160,趣味でヒーローを始めた男、サイタマ。3年間の特訓により無敵のパワーを手に入れ、あらゆる敵を一撃（ワンパン）で倒すヒーローである。ひょんなことから弟子となったジェノスと共にヒーロー協会で正式なヒーロー活動を開始す...
22,ガーリー・エアフォース,https://akiba-souken.k-img.com/thumbnail/images/official/2b/2b03222a3c017a2152c9c87fd5f7af19.jpg?w=160&h=160,「ガーリー・エアフォース」は、電撃文庫（KADOKAWA刊）にて刊行中の、夏海公司によるライトノベル（イラストは遠坂あさぎ）。人類の航空戦力を圧倒する謎の飛翔体・ザイ。その脅威に抗うために「ドーター」と呼ばれる戦闘機と、ドーターの操縦機構を担う少女の姿をした「アニマ」が開発された。空に焦がれる主人公・鳴谷慧（なるたに けい）が、マニアの少女グリペンと出会ったことから始まる美少女×戦闘機ストーリーを描く。アニメーション制作は「マクロス△」や「シンフォギア」シリーズなどを手がける「サテライト」が担当。メインキャストは鳴谷慧を逢坂良太、グリペンを森嶋優花など。
23,デート・ア・ライブIII,https://akiba-souken.k-img.com/thumbnail/images/official/e1/e14c591ac1bd4af0c21ff06b286d48af.jpg?w=160&h=160,「デート・ア・ライブ」シリーズは、シリーズ累計400万部を突破した富士見ファンタジア文庫のライトノベル（著：橘公司/イラスト：つなこ）を原作としたアニメ作品。2013年～14年にTVアニメ2期までが放送され、その後、第2期のスタッフによって完全新作である「劇場版デート・ア・ライブ 万由里ジャッジメント」が制作された。本作はそれに続く第3期にあたる。メインキャストは第1期・第2期以前に続き、五河士道役を島﨑信長、夜刀神十香役を井上麻里奈、鳶一折紙役を富樫美鈴、五河琴里役を竹達彩奈などが続投。本作初登場となる新キャラクター・七罪（なつみ）役は真野あゆみが演じる
24,マナリアフレンズ,https://akiba-souken.k-img.com/thumbnail/images/official/a8/a8d313b32731a773bd3e1c6092784159.jpg?w=160&h=160,ソーシャルゲーム「神撃のバハムート」を原作としたアニメ作品。2014年秋にその第一弾となる「神撃のバハムート GENESIS」が放送されたが、本作はそのスピンアウト的な位置づけで、ゲーム内イベント「マナリア魔法学院」にスポットを当て、マナリア王族の娘であるアン、竜族の姫であるグレア、エルフ族の生徒会長であるハンナたちがさまざまな事件に挑む様子を描く。
25,上野さんは不器用,https://akiba-souken.k-img.com/thumbnail/images/official/cc/ccd124edcecd1eabae41bc274c9ee5a5.jpg?w=160&h=160,「ヤングアニマル」（白泉社）で連載中のtugenekoによるコミックが原作。態度は強気だが恋には弱気の科学部部長である中3乙女・上野と、同じ部に所属する天然ボケの後輩男子・田中が織りなすラブコメディ。アニメーション制作は「アイドルマスターシンデレラガールズ劇場」を手掛けたレスプリで、取締役の月見里智弘が監督・シリーズ構成・演出を務める。音楽は「ヒナまつり」や「干物妹！うまるちゃん」などの人気作を手掛けた三澤康広が担当する。キャストは、上野役を芹澤優、田中役を田中あいみ、山下役を影山灯、田中みずな役を大森日雅、田中よもぎ役を伊藤美来、タモン役を井澤詩織など。オープニング主題歌は、伊藤美来の5枚目となるシングル「閃きハートビート」。
26,サークレット・プリンセス,https://akiba-souken.k-img.com/thumbnail/images/official/6a/6a7e3aa5d8845312fc3aa19659e337c5.jpg?w=160&h=160,世界観、シナリオに木緒なち、メインキャラクターデザインにsaitom、サウンドにElements Gardenと、豪華クリエイター陣が結集して作られた、DMM GAMESがおくる美少女バトルRPG「サークレット・プリンセス」をTVアニメ化。監督は「武装少女マキャヴェリズム」「BLAZBLUE ALTER MEMORY」の橘秀樹が務め、シリーズ構成はゲームと同じく木緒なちが担当する。キャラクターデザインは山吉一幸、音楽が酒井陽一。アニメーション制作を手がけるのはSILVER LINK.。
27,私に天使が舞い降りた！,https://akiba-souken.k-img.com/thumbnail/images/official/75/750e6e07bcb4834c82f14c7a198217ae.jpg?w=160&h=160,椋木ななつ原作、コミック百合姫（一迅社）にて連載中のマンガのアニメ化作品。オタクで人見知りな女子大生みやこが、小学生の妹が連れてき友だちの花ちゃんにひとめ惚れして、仲良くなろうと奮闘するスケッチコメディー。TVアニメの制作スタッフは、監督が平牧大輔、キャラクターデザインが中川洋未、シリーズ構成が山田由香。アニメ制作は動画工房が手がける。オープニングテーマ「気ままな天使たち」、エンディングテーマ「ハッピー・ハッピー・フレンズ」ともに、本作のメインキャストをつとめる、指出毬亜（白咲 花役）、長江里加（星野ひなた役）、鬼頭明里（姫坂乃愛役）、大和田仁美（種村小依役）、大空直美（小之森夏音役）の5人による歌唱ユニット「わたてん☆5」が担当する。いずれも作詞はZAI-ON、作曲はEternal Truth、編曲は伊賀拓郎/WEST GROUND。
28,3D彼女 リアルガール(第2シーズン),https://akiba-souken.k-img.com/thumbnail/images/official/71/7190d5523fb2a7597afe47ac8793f46b.jpg?w=160&h=160,累計発行部数145万部を突破（紙＋電子）した那波マオの少女マンガ「3D彼女 リアルガール」（講談社「KCデザート」刊）が原作。2018年春にはアニメ第1シーズン、2018年秋には実写映画版が公開された話題作。二次元にしか興味のない超絶オタク・筒井光と、学校一の超絶美少女・五十嵐色葉を中心に恋模様を描いた学園ラブコメディー。第2シーズンのティザービジュアルには、成人した2人の姿が描かれる。筒井光役を上西哲平、五十嵐色葉役を芹澤優、伊東悠人役を蒼井翔太、石野ありさ役を津田美波、高梨ミツヤ役を寺島拓篤、綾戸純恵役を上田麗奈が演じる。
29,モブサイコ100 II,https://akiba-souken.k-img.com/thumbnail/images/official/b6/b608e8cf5a2e549be74cac51be6ce217.jpg?w=160&h=160,「ワンパンマン」で知られるONEがコミックアプリ「マンガワン」で連載していたWEBマンガが原作。超能力を封印して普通に生きようとする不器用な中学生が、インチキ霊能力者、悪霊、謎の組織などにめぐり合ってしまう様子を描く。第1期は2016年夏に放送、迫力のあるバトルシーンや実験的な演出でも評価され、第20回文化庁メディア芸術祭 アニメ部門審査員推薦作品に選ばれた。本作は第2期にあたり、主人公のモブこと影山茂夫の内面的な成長と彼を取り巻く人達との関わりが重要になってくる、エモーショナル200％のストーリーとなっている。監督は「デス・パレード」の立川譲、シリーズ構成は「亜人」 の瀬古浩司、キャラクターデザインは「ワンパンマン」作画監督の亀田祥倫、音楽は「GHOST IN THE SHELL / 攻殻機動隊」の川井憲次、制作はボンズ。第1期のスタッフが第2期でも続投する。
30,不機嫌なモノノケ庵 續,https://akiba-souken.k-img.com/thumbnail/images/official/1f/1fd8945a9790f424c4e3b64a952231be.jpg?w=160&h=160,「ガンガンONLINE（スクウェア・エニックス）」にて連載中のWebマンガを原作としたアニメ作品。妖怪に取り憑かれてしまった男子高校生と妖怪祓いを生業とする「物怪庵」の主が、妖怪たちの悩みを解決していく、一風変わった妖怪交流コメディ。本作は2016年夏に放送された「不機嫌なモノノケ庵」に続く、第2期にあたる。前作同様、アニメーション制作はぴえろプラス、シナリオ構成は吉岡たかをが務める。また本作から新たに、「ツキウタ。THE ANIMATION」「魔法少女 俺」を手がけた川崎逸朗監督を迎えている。
31,明治東亰恋伽,https://akiba-souken.k-img.com/thumbnail/images/official/cb/cb33f913fa5fa6299fefc44332dfc973.jpg?w=160&h=160,累計プレイヤー30万人の歴史恋愛ファンタジーゲーム「明治東亰恋伽」（通称・めいこい）をアニメ化。明治にタイムスリップしてしまった主人公が、森鴎外などの歴史上の偉人たちと出会い、恋に落ちるというロマンティックなストーリーが展開される。本作のほか、PSP（R）版・PlayStation（R）Vita版が発売、劇場アニメ化、舞台化、アプリ化など、幅広くメディアミックスが行われている。キャストは、主人公・綾月芽衣役を諸星すみれ、主人公が時を越え明治の“東亰”で最初に出会う偉人・森鴎外役を浪川大輔、菱田春草役をKENN、小泉八雲役を立花慎之介、泉鏡花役を岡本信彦、川上音二郎役を鳥海浩輔、藤田五郎役を福山潤など。
32,劇場版 Fate/stay night [Heaven's Feel] Ⅰ.presage flower,https://akiba-souken.k-img.com/thumbnail/images/official/bd/bdccd398c5e52c8e253d1c3e4c7f1ab9.jpg?w=160&h=160,「けものフレンズ」は、ゲーム、コミック、舞台、動物園コラボを展開するなど、さまざまなプロジェクトが進行中の人気コンテンツ。超巨大総合動物園「ジャパリパーク」を舞台に、神秘の物質「サンドスター」の影響で動物からヒトの姿へと変身したフレンズたちが大冒険を繰り広げるという物語。キャラクターコンセプトデザインは、「ケロロ軍曹」などで知られる吉崎観音。第1期が2017年1月～3月にTV放送され、本作はそれに続く第2期にあたる。キャストは、サーバル役を尾崎由香、フェネック役を本宮佳奈、アライグマ役を小野早稀、ラッキービースト役を内田彩と、第1期の声優陣が続投。さらに、新キャラクター・キュルル役として石川由依、カラカル役として小池理子が新たに参加する。アニメーション制作は「日本の昔ばなしシリーズ」を手がけたトマソン。監督は「アイカツ！」の木村隆一、シリーズ構成・脚本は「ワンピース」のますもとたくや、CG監督は谷口英男、音響監督は阿部信行、音響効果は今野康之、音楽は立山秋航、アニメーションプロデューサーは沼田心之介が担当する。
33,けものフレンズ2,https://akiba-souken.k-img.com/thumbnail/images/official/fe/fe2f907c0a07a004ce55dbd47b1a3b59.jpg?w=160&h=160,"同名の人気コミックを原作としたアニメ化作品。犬猿の仲の上司・羽田野と部下・みのりがカプセルホテルの同室に泊まった一夜から、互いを異性として意識し始め惹かれあう姿を描いたラブストーリー。
さらに、メンズモデルの慧も加わり、タイプの違う男性2人との三角関係や、さまざまな形で描かれる密着シチュエーションの連続など、ときめきに包まれる恋愛体験をアニメで楽しめるTL（ティーンズラブ）作品となっている。
制作スタッフは、監督が荒木英樹さん、脚本が翌有蔵さん、キャラクターデザインがあおばみずきさん、音響監督がえのもとたかひろさん、音響制作がスタジオマウス。"
34,終電後、カプセルホテルで、上司に微熱伝わる夜。,https://akiba-souken.k-img.com/thumbnail/images/official/fb/fbf122c8610f762fce19063177073e8e.jpg?w=160&h=160,IAMによるフルボイスの電子コミックが原作とする、カフェ『Rainy Color』を舞台としたハートフルコメディ作品。第1期となるショートアニメ「雨色ココア」は2015年春に放映された。本作は、2015年秋アニメ「雨色ココア Rainy colorへようこそ！」、2016年秋アニメ「雨色ココア in Hawaii」に続く、第4シリーズ。本作ではオーナーの娘・天見ヨーコが代理店長として奮闘するなど、女性キャラクターたちに焦点を当てたストーリーが展開。キャストは、天見ヨーコ役を松井恵理子、ノン役を花井美春、マリナ役を山田麻莉奈、イクミ役を小見川千明、ケイト役を大森日雅、ココア役を原奈津子、芽留役を鈴木愛奈など。
35,雨色ココアsideG,https://akiba-souken.k-img.com/thumbnail/images/official/c8/c8acd29c50eea9f1ad1792150f77790e.jpg?w=160&h=160,コミック累計発行部数150万部突破、月刊少年シリウス（講談社）にて好評連載中の、清水茜さんによる体内細胞擬人化マンガ。2018年7月よりTVアニメが放送開始。監督はこれまでに「DRIFTERS」「ジョジョの奇妙な冒険」を手掛けた鈴木健一さん、メインスタッフにはシリーズ構成・柿原優子さん（「月がきれい」「ちはやふる」）、キャラクターデザイン・吉田隆彦さん（「おおきく振りかぶって」「弱虫ペダル」）、音楽・末廣健一郎さん、MAYUKOさん（「逃げるは恥だが役に立つ」「Re：ゼロから始める異世界生活」）をはじめ実力派スタッフが集結。アニメーション制作は「ジョジョの奇妙な冒険」「妖狐×僕SS」、そして2017年7月に公開された本作の原作コミック5巻発売を記念したスペシャルアニメ映像の制作を手掛けたdavid productionが担当。
36,はたらく細胞,https://akiba-souken.k-img.com/thumbnail/images/official/69/698f61eaa2c3c4bd0d3415ba5ac847e7.jpg?w=160&h=160,ミライアカリ、電脳少女シロ、月ノ美兎など、総勢30名以上のバーチャルYouTuber（以下、VTuber）が登場する、ドワンゴのオリジナルアニメ。「エヴァンゲリオン」シリーズで知られる庵野秀明がアイディア協力として参画。音楽を担当するのは、きゃりーぱみゅぱみゅや「Perfume」のプロデュースに携わった中田ヤスタカ。1～6話の主題歌をVTuberのキズナアイ、7～12話の主題歌をVTuber6人によるユニット「バーチャルリアル」が歌唱する。
37,バーチャルさんはみている,https://akiba-souken.k-img.com/thumbnail/images/official/af/af2c805d41bcb916314af592f41b707f.jpg?w=160&h=160,"「凪のあすから」でタッグを組んだ篠原俊哉監督とP.A.WORKS制作によるオリジナル作品。色覚を失くした17歳の少女・月白瞳美が、祖母の時間魔法によって60年の時をさかのぼり、そこでひとりの少年・葵唯翔と出会うというガールミーツボーイの物語。
シリーズ構成は柿原優子さん、キャラクター原案はフライさん、キャラクターデザイン・総作画監督は秋山有希さん。音楽は出羽良彰さんが担当。"
38,色づく世界の明日から,https://akiba-souken.k-img.com/thumbnail/images/official/1c/1cf5b91eaffc996be12a95904a5032fc.jpg?w=160&h=160,アニメの世界と実写の世界、2つの次元（＝Dimension）を行き来しながらストーリーが展開する超次元革命アニメ。本作の放送に加え、出演声優による2.5次元ミュージカル、ラジオ放送などによって複合的にストーリーがつくられるハイブリッド作品。メインキャストは、黄川田剛役を財木琢磨、水上ゆりお役を橋本祥平、白山純平役を石井孝英、緑ヶ丘流星役を大塚剛央、桃谷総司役を染谷俊之が名を連ねる。アニメ「ウルトラマンゼロTHE MOVIE 超決戦！ベリアル銀河帝国」、実写「テニスの王子様」などを手がけたアベユーイチが監督・脚本を務める。
39,Dimension ハイスクール,https://akiba-souken.k-img.com/thumbnail/images/official/72/72916f7d22eae8615e14e6ca256b3e30.jpg?w=160&h=160,「ぱすてるメモリーズ」は、フリュー株式会社が配信中のスマートフォン向け同名RPGのアニメ化作品。オタク文化が衰退してしまったアキハバラを元の楽しい街に戻そうと奮闘する12人の女の子の物語。アニメ制作スタッフは、監督が篠崎康行、構成が玉井☆豪、キャラクター原案がナシキネロ、キャラクターデザインが瀬川真矢など。アニメーション制作は「project No.9」が担当する。メインキャストは、浅木泉水役を新田ひより、榊亜矢香役を鳥部万里子、イリーナ・レスコヴァ役を内山夕実、二条院薫子役を藤井ゆきよ、町屋結衣奈役を村川梨衣、江戸川橋美智役を大空直美、千住南海役を山本亜衣、舞子ちまり役を小倉唯、目白渚央役を花守ゆみり、来島怜役を久保ユリカ、里中小町役を戸田めぐみ、六郷沙織役を小岩井ことり、ねじれウサギ役を森永千才、摩耶役をたかはし智秋など。
40,ぱすてるメモリーズ,https://akiba-souken.k-img.com/thumbnail/images/official/ca/cafb94d10b96db5763966f5ce4e027c6.jpg?w=160&h=160,「月刊アフタヌーン」（講談社）にて連載されていた瀧波ユカリによる4コマ漫画をアニメ化。1話ごとに監督をはじめとした制作スタッフを大幅に入れ替えるという異色のオムニバス作品。「タッチ」「銀河鉄道の夜」の杉井ギサブロー、「装甲騎兵ボトムズ」の高橋良輔など総勢12人の名監督が競演し、それぞれの原作のお気に入りのシーンを再構築していく。自由な演出で描かれる主人公は、東京・練馬区の江古田近辺に住むフリーター・江古田ちゃん。原作では、テレオペやヌードモデルなどさまざまな職を転々とする、彼氏の「本命」になることは決してなく常に「都合のいい女」扱いされる、モテ女子は「猛禽(もうきん)」と呼び敵意を向けるなど、時代をナナメに走る江古田ちゃんの姿に共感の声が集まった。12人の名監督がどんなシーンを選び、またどのような演出で江古田ちゃんを表現していくのか、注目が集まる期待作。
41,臨死!! 江古田ちゃん,https://akiba-souken.k-img.com/thumbnail/images/official/51/51b0a2b48ea8a7a2ffefdc31f0a771ae.jpg?w=160&h=160,U.C.0097――。『ラプラスの箱』が開かれて一年。ニュータイプの存在とその権利に言及した『宇宙世紀憲章』の存在が明かされても、世界の枠組みが大きく変化することはなかった。のちに『ラプラス事変』と呼ばれる争乱...
42,機動戦士ガンダムＮＴ(ナラティブ),https://akiba-souken.k-img.com/thumbnail/images/official/4d/4df4b9a34120d47767cbd88e229d8e4e.jpg?w=160&h=160,京都アニメーションが主催する「京都アニメーション大賞」で初の大賞を受賞した、暁佳奈さんの小説を原作にしたアニメ作品。監督は「劇場版 境界の彼方‐I’LL BE HERE‐」で監督を務めた石立太一さん、シリーズ構成は映画「聲の形」などで脚本を執筆した吉田玲子さん、キャラクターデザインは本作の文庫イラストを手がけた高瀬亜貴子さんがそれぞれ担当する。
43,ヴァイオレット・エヴァーガーデン,https://akiba-souken.k-img.com/thumbnail/images/official/ec/ecc61e0b20186b84ba37952666874bc2.jpg?w=160&h=160,西川貴教が総合プロデュースを、志倉千代丸が企画・原作を担当するアイドルプロジェクト「B-PROJECT」、そのアニメ版。本作は、2016年夏に放送された「B-PROJECT～鼓動＊アンビシャス～」に続く第2期となる。原作イラストは雪広うたこ、2016年7月から9月に放送されたTVアニメ版の監督は「カーニヴァル」の菅沼栄治、シリーズ構成は「赤髪の白雪姫」「ノラガミ」の赤尾でことMAGES.、キャラクターデザイン・総作画監督は川村敏江、制作はA-1 Pictures。ライブシーンや音楽業界の裏側を交えつつ、男性アイドルたちのサクセスストーリーを描く。
44,賢者の孫,https://akiba-souken.k-img.com/thumbnail/images/official/85/85cc4891b3aad7a91072f018f3789827.jpg?w=160&h=160,電子コミック累計ダウンロード数1000万を突破している「女の子が落ちた先は、俺の息子の先っぽでした。」（原作：鳩こんろ）の電子書籍版タイトルで大ヒットを記録する話題作のTVアニメ化作品。ボロアパートを舞台に、冴えない男子と美女2人のエッチなドタバタ劇、美女2人との濃厚な共同生活をコミカルに描く話題作。7月1日（日）より、TOKYO MXほかにて通常版ショートアニメが放送。さらに、ComicFestaアニメZoneにて過激シーンが描かれる完全版が配信。監督・脚本はジンキトモシヨさん、キャラクターデザインはうるし原智志さん、音響制作はスタジオマウス、音響監督はえのもとたかひろさん、アニメーション制作はarkが担当。
45,B-PROJECT～絶頂＊エモーション～,https://akiba-souken.k-img.com/thumbnail/images/official/2e/2ef2d8c706db94be403f0c5bedacd58f.jpg?w=160&h=160,"シリーズ累計180万部突破の人気作「さくら荘のペットな彼女」でタッグを組んだ鴨志田一さんと、人気イラストレーター・溝口ケージさんによるライトノベル。思春期にだけ起こる不思議な現象「思春期症候群」に振り回される、高校生の主人公・梓川咲太と個性的なヒロインたちとの物語を描いた青春ドラマだ。2018年5月までに第8巻が刊行されている。
TVアニメでは、監督が増井壮一さん、構成・脚本が横谷昌宏さん、キャラクターデザインが田村里見さん、音楽がfox capture plan。アニメーション制作はA-1 Picturesが立ち上げた新ブランド『CloverWorks』が担当する。"
46,じょしおちっ！～2階から女の子が…降ってきた!?～,https://akiba-souken.k-img.com/thumbnail/images/official/24/24c7fc4b48ea16233b1bdb048766af49.jpg?w=160&h=160,2011年冬から2018年春にわたってシリーズを積み重ねてきたトレーディングカードゲームアニメ「カードファイト!! ヴァンガード」のスピンオフ作品。「カードファイト!! ヴァンガード」で絶大な人気を誇るマーメイド・アイドル集団「バミューダ△（トライアングル）」 にスポットをあてたストーリーが展開される。「魔法少女リリカルなのはViVid」の藤真拓哉がキャラクター原案を務める。監督は西村純二、シリーズ構成は横手美智子、キャラクターデザインは橋本貴吉、アニメーション制作はセブン・アークス・ピクチャーズが担当する。
47,青春ブタ野郎はバニーガール先輩の夢を見ない,https://akiba-souken.k-img.com/thumbnail/images/official/66/667032268e2d10eddf911cb10ed99b4e.jpg?w=160&h=160,「モーニング」(講談社)にて2015年まで連載された、一色まことによる同名の音楽マンガが原作。森に捨てられたピアノをおもちゃ代りにして育った主人公の一ノ瀬海（イチノセカイ）が、かつて天才ピアニストと呼ばれた阿字野壮介や、偉大なピアニストの父を持つ雨宮修平などとの出会いの中でピアノの才能を開花させていき、やがてショパン・コンクールに挑戦するまでを描く、ピアニストたちの成長譚。第1期は2018年春に放送され、本作はそれに続く第2期にあたる。監督は「王立宇宙軍　オネアミスの翼」、「アベノ橋魔法☆商店街」の山賀博之、シリーズ構成は「団地ともお」のあべ美佳、キャラクターデザイン･総作画監督を「ガーリッシュナンバー」の木野下澄江が手がける。
48,バミューダトライアングル ～カラフル・パストラーレ～,https://akiba-souken.k-img.com/thumbnail/images/official/14/14bf2ab30610c6bd45df8551934dbdce.png?w=160&h=160,「BanG Dream!」は、2017年冬に放送されたアニメをはじめ、月刊ブシロードでマンガを連載、スマホアプリゲーム「バンドリ！ ガールズバンドパーティ！」が大ヒットを記録するなど、さまざまなメディアミックスを展開した次世代ガールズバンドプロジェクト。作中で結成されたガールズバンド「Poppin’Party」や「Roselia」の声優たちが実際にライブを行い、キャラクターとリアルライブがリンクする挑戦的なプロジェクト内容が話題となった。本作はその第2期アニメにあたり、各地上波での放送、AbemaTVでの配信のほか、北米、欧州、アジアを含む世界約60か国でも配信が予定されている。ストーリー原案は「デビクロくんの恋と魔法」「100回泣くこと」などで知られる小説家・中村航。
49,ピアノの森(第2シリーズ),https://akiba-souken.k-img.com/thumbnail/images/official/25/25b22d38f1f74f59ab4c37772860e8e6.jpg?w=160&h=160,福島ガイナックスが制作するオリジナルアニメ。いわきの温泉街を舞台に、フラガールを目指す少女たちの奮闘を描くフラダンス部×青春ストーリー。プロデュース・原案・脚本・監督は、同社代表取締役の浅尾芳宣が務める。メインキャストは、頑張り屋の主人公・すず役を佳村はるか、大人っぽく包容力のあるしいな役を山口立花子、北欧出身で破天荒なモナ役を三森すずこ、頭がよく努力家なふみ役を佐々木未来、前向きでサバサバとしたなぎさ役をブリドカットセーラ恵美など。
50,青春ブタ野郎はゆめみる少女の夢を見ない,https://akiba-souken.k-img.com/thumbnail/images/official/b2/b23b682de76f72eb36b19773a4179419.jpg?w=160&h=160,"累計50万部を突破した、仲谷 鳰さんが「月刊コミック電撃大王」（KADOKAWA）で連載中のマンガ作品。人に恋する気持ちが分からず悩む主人公・小糸侑が、同じ高校の先輩で生徒会役員の七海燈子に相談したのをきかっけに、2人の少女が惹かれ合っていく姿を描いた恋物語。
TVアニメでは、監督が「櫻子さんの足下には死体が埋まっている」を手がけた加藤誠さん、シリーズ構成・脚本が「響け！ユーフォニアム」や「ラブライブ！」の花田十輝さん、キャラクターデザインが「アマガミSS」や「恋と選挙とチョコレート」の合田浩章さん。アニメーション制作は「櫻子さんの足下には死体が埋まっている」「Re:CREATORS」のTROYCAが担当する。"
51,BanG Dream! 2nd Season,https://akiba-souken.k-img.com/thumbnail/images/official/e6/e6a8148af8456f2ca940a713d9b77cb1.jpg?w=160&h=160,「グリザイア」シリーズを手がけた人気PCゲームブランド「フロントウイング」原作のゲーム「ISLAND(アイランド)」は、離島“浦島”を舞台に、青年「切那」が３人の少女たちと共に、島に伝わる伝承や風土病による本土との確執に翻弄されながら、世界に隠された謎を解き明かしていくドラマチックSFストーリー。2016年に発表された原作ゲームは、多数の伏線が散りばめられた巧みなシナリオで話題を呼んだ。2018年に放送されることが発表されており、アニメーション制作は美少女が活躍する作品を多く手がけ、TVアニメ「月がきれい」、「D.C.II ～ダ・カーポII～」などで高い評価を得ているアニメ制作スタジオ「feel.」が担当する。
52,フライングベイビーズ,https://akiba-souken.k-img.com/thumbnail/images/official/bc/bcd6c82ac4a461e1b6f95ad1fe344926.jpg?w=160&h=160,アニメーション制作会社・project No.9が制作を手がけるオリジナルアニメ作品。古来より人の世を脅かしてきた異形の存在・荒魂を御刀によって祓う神薙ぎの巫女たちを主人公としたTVアニメ「刀使ノ巫女」とスマートフォンゲーム「刀使ノ巫女 刻みし一閃の燈火」のキャラクターがちいさくなった姿を描く。作品名は、“みんなの　にちじょう　ときどき　じけん”の頭文字から取られている。制作スタッフは、監督が信田ユウ、シリーズ構成が朱白あおい（ミームミーム）、キャラクターデザイン・総作画監督が緒方浩美。キャストは、衛藤可奈美役を本渡楓、十条姫和役を大西沙織、柳瀬舞衣役を和氣あず未、糸見沙耶香役を木野日菜、益子薫役を松田利冴、古波蔵エレン役を鈴木絵里、安桜美炎役を茜屋日海夏、瀬戸内知恵役を石原夏織、七之里呼吹役を五十嵐裕美、六角清香役を藤田茜、木寅ミルヤ役を沼倉愛美など。
53,やがて君になる,https://akiba-souken.k-img.com/thumbnail/images/official/7f/7f53ebaeb32d6df8691d26bf518d6ad2.jpg?w=160&h=160,「聖闘士星矢セインティア翔」は、1985年12月に車田正美が週刊少年ジャンプで連載を開始し、アニメ版やキャラクターグッズなど数々の大ヒットを記録してきた、伝説的人気シリーズ「聖闘士星矢」の外伝マンガ。原作・車田正美、作画・久織ちまきのタッグにより、「チャンピオンRED」（発行：秋田書店）にて連載中。女神アテナこと城戸沙織の身辺の世話や警護等を担う女性聖闘士「聖闘少女（セインティア）」の一人である子馬座（エクレウス）の翔の活躍を描く。「聖闘士星矢」で描かれた“銀河戦争（ギャラクシアンウォーズ）編”と“聖域十二宮編”と同じ時間を舞台に、城戸沙織（アテナ）や、アテナの身辺を警護する聖闘少女たちに巻き起こる闘い、葛藤、そして、それぞれの成長の物語が紡がれる。アニメキャラクターデザインには、旧テレビシリーズで美麗なキャラを描いた故・荒木伸吾が代表を務めていた、荒木プロの血を継ぐ市川慶一と、セインティアたちを繊細に表現する西野文那が名を連ねる。アニメーション制作には東映アニメーションと GONZOが手を組み、新たな境地を切り拓く。
54,ISLAND(アイランド),https://akiba-souken.k-img.com/thumbnail/images/official/07/074d092d0dc546a375408c8583ca3aa9.jpg?w=160&h=160,他人に興味をもたず、いつもひとりで本を読んでいる高校生の「僕」。そんな「僕」はある日、偶然『共病文庫』と記された一冊の文庫本を拾う。それは、天真爛漫なクラスの人気者・山内桜良が密かに綴っていた日記帳だった。そこ...
55,みにとじ,https://akiba-souken.k-img.com/thumbnail/images/official/ce/ce6dcb6e6eeafded0873656761863200.jpg?w=160&h=160,"「異世界はスマートフォンとともに。」は、オンライン小説サイト「小説家になろう！」にて累計1億PV超の、冬原パトラさん原作の大人気作品。現在、HJノベルズ（ホビージャパン）より書籍化されているほか、「月刊コミックコンプエース」（KADOKAWA）にてコミカライズ版が連載されている。
神様の手違いで死んでしまった主人公は、神様から底上げしてもらった身体と、異世界でも使用可能にしてもらったスマートフォンを手に、異世界で第2の人生をスタートさせる。様々な人々と出会い、大切な仲間を得ていく中で、いつしか主人公は世界の秘密を知る。今年3月には、アニメ化が発表されていた。"
56,聖闘士星矢　セインティア翔,https://akiba-souken.k-img.com/thumbnail/images/official/c8/c8a3640a8d659b2262cf5b652b5f7463.jpg?w=160&h=160,"小説投稿サイト「小説家になろう」発のPV数5億超、小説とマンガのシリーズ累計発行部数110万部突破の大人気作品をアニメ化。異世界に迷い込み、ひょんなことから最強の力と財宝を手にしてしまった主人公""サトゥー""が、女の子を助けたり、デートしたり、観光したり、美味しいものを食べたり……という夢のような旅に出かける姿を描いた、ほのぼの異世界観光記。"
57,君の膵臓をたべたい,https://akiba-souken.k-img.com/thumbnail/images/official/ed/edd64d2e56bc7b221abcae5b988f04dc.jpg?w=160&h=160,伏瀬さんが小説投稿サイト「小説家になろう」にて累計4億PVを記録した大人気小説を原作とするアニメ。アニメ版は、本作のコミカライズ版（漫画：川上泰樹、講談社「月刊少年シリウス」連載中）が原作となる。気がつくと異世界に転生していたサラリーマン三上悟。ただし、その姿はスライムだった。魔物種族と仲間となり、獲得したスキルを駆使しながら、さまざまな問題を解決していくスライム創世記。監督は「コメット・ルシファー」「IS<インフィニット・ストラトス>」の菊地康仁さん。シリーズ構成は「少女終末旅行」の筆安一幸さん。キャラクターデザインはアクション作画などで定評のある江畑諒真さんを起用。アニメーション制作はエイトビット。
58,異世界はスマートフォンとともに。,https://akiba-souken.k-img.com/thumbnail/images/official/9f/9f75c1951f6d25a20d4f1d4c97afac79.jpg?w=160&h=160,偶像（アイドル）殺し×現代病理をテーマにした次代の学園ジュブナイルRPGを原作とするアニメ。監督は「終末なにしてますか？忙しいですか？救ってもらっていいですか？ 」の和田純一さん、「セントールの悩み」の待田堂子さん、キャラクターデザインは「妖怪アパートの幽雅な日常 」（作画監督）の田辺謙司さん、アニメーション制作はサテライト。
59,デスマーチからはじまる異世界狂想曲,https://akiba-souken.k-img.com/thumbnail/images/official/d3/d3f38206e97f48dc8bd0102904cd54ad.jpg?w=160&h=160,アニメスタジオMAPPAが制作を手掛ける100％オリジナルアニメとなり、タイトルの通り、かつて体感したことがない【新感覚ゾンビ系アニメ】。Anime Expo 2018で公開されたキックオフムービーとビジュアルは、 映像を視聴した海外メディアから「不気味なトレーラーだ！」「とても興味深い！」などの反響の声が上がり、注目を集めた。
60,転生したらスライムだった件,https://akiba-souken.k-img.com/thumbnail/images/official/87/87cda81115319905421fe77ae423a119.jpg?w=160&h=160,"「別冊少年マガジン」での連載開始時から話題沸騰の学園ラブコメ。
その爆発的な人気は、「週刊少年マガジン」への異例の電撃移籍を経て、今なお加速中。?最新9巻までの累計部数は150万部を突破している。TVアニメは、監督に「山田くんと7人の魔女」「恋と嘘」の宅野誠起さん、シリーズ構成に「四月は君の嘘」「七つの大罪 戒めの復活」の吉岡たかをさん、「恋と嘘」や「アルスラーン戦記」を手掛けたライデンフィルムが制作。"
61,Caligula -カリギュラ-,https://akiba-souken.k-img.com/thumbnail/images/official/99/9948e4672bcc436a9842b72ff7222c0d.jpg?w=160&h=160,舞台は機巧魔術(マキナート)が隆盛を極める大英帝国の機巧都市リヴァプール。日本からやってきた留学生・赤羽雷真(あかばねらいしん)は、美しい少女の姿をした自動人形(オートマトン)の夜々（やや）とともに、魔術世界の...
62,ゾンビランドサガ,https://akiba-souken.k-img.com/thumbnail/images/official/e4/e49a9185f7cf656621374121a4a187a8.jpg?w=160&h=160,"「ダンガンロンパ」シリーズのゲームプロデューサー・寺澤善徳さんと、「Re:ゼロから始める異世界生活」シリーズのキャラクターデザイナー・大塚真一郎さんがタッグを組んだ、RPG「CONCEPTION 俺の子供を産んでくれ！」を原作としたアニメ。
TVアニメは、監督が「デート・ア・ライブ」「ヨルムンガンド」の元永慶太郎さん、シリーズ構成が「アイカツフレンズ!」「BanG Dream!」の柿原優子さん、アニメーションキャラクターデザインが「ご注文はうさぎですか？」の奥田陽介さん、音楽は「ナイツ＆マジック」「この素晴らしい世界に祝福を!」の甲田雅人さん。アニメーション制作はGONZOが担当する。"
63,寄宿学校のジュリエット,https://akiba-souken.k-img.com/thumbnail/images/official/6a/6a5febb7c6232472eb356d6575e363f1.jpg?w=160&h=160,1993年4月から1994年1月まで、TBS系（一部系列局を除く）にて毎週土曜17：30～18：00にに全39話が放送された、円谷プロダクション・TBS製作の特撮番組「電光超人グリッドマン」（でんこうちょうじんグリッドマン）。自作パソコンの立ち上げに没頭する14歳の少年・翔直人が新世紀ヒーローに変身し、コンピューターワールドを支配しようとする悪の力に立ち向かう物語が描かれている。TVアニメ「SSSS.GRIDMAN」は、アニメーション制作を「電光超人グリッドマン boys invent great hero」を制作したTRIGGERが担当し、監督は、同作でも監督を務めた雨宮哲さんが担当する。
64,機巧少女は傷つかない,https://akiba-souken.k-img.com/thumbnail/images/official/00/005f55c0660feec577ea6a477b359fb7.jpg?w=160&h=160,アーラム村の子供たちを救ったスバルたち。やっと訪れた平穏も束の間、スバルは誰にも知られてはならない、とある極秘ミッションに挑んでいた。しかし変装していたにも関わらず、すぐにペトラを始め、村の子供たちに正体がバレ...
65,CONCEPTION,https://akiba-souken.k-img.com/thumbnail/images/official/c6/c69317804425e156e4c15a599a22fac1.jpg?w=160&h=160,マンガ「BLACK LAGOON」の広江礼威さんと、「Fate/Zero」「アルドノア・ゼロ」などの監督を務めたあおきえいさんによる完全新作オリジナルTVアニメ。原作・キャラクター原案を広江礼威さん、監督をあおきえいさん、シリーズ構成をあおきえいさんと広江礼威さん、アニメーション制作を「アルドノア・ゼロ」のTROYCAが担当する。
66,この素晴らしい世界に祝福を！紅伝説,https://akiba-souken.k-img.com/thumbnail/images/official/43/43353f8c2e7311234379f1ffb03bde20.jpg?w=160&h=160,「ペルソナ５」は、アトラスの大人気ジュブナイルRPG「ペルソナ」シリーズの最新作。大都会“東京”を舞台に、高校生として日常生活を送りながらも、放課後夜は怪盗団として暗躍する主人公たちの姿が描かれる。2017年7月には、待望のTVアニメシリーズ「PERSONA5 the Animation」の制作が発表されていた。監督は、「進撃の巨人」や「PSYCHO-PASS サイコパス2」などのOPを手がけた石浜真史さん。制作はこれまでも数多くの「ペルソナ」シリーズのアニメーションを担当した A-1Picturesが担当する。
67,さらざんまい,https://akiba-souken.k-img.com/thumbnail/images/official/24/2465d6202754e483487dcdc812391b28.jpg?w=160&h=160,"むらさきゆきやさんによるライトノベルで、イラストは鶴崎貴大さんが担当。講談社ラノベ文庫（講談社）で2014年12月から刊行中で、発行部数はシリーズ累計100万部を記録している人気作品。異世界に舞い降りた主人公が、これまでプレイしてきたゲームのままの魔力を使い、自称魔王を演じながら、2人のヒロインに翻弄されつつも、強敵に立ち向かっていく異世界ファンタジーラブコメ作品だ。
監督は村野佑太さん、キャラクター原案は鶴崎貴大さん、シリーズ構成は筆安一幸さん、アニメーション制作は亜細亜堂が担当。"
68,SSSS.GRIDMAN,https://akiba-souken.k-img.com/thumbnail/images/official/6b/6b5118830a8ab0f07b3d8c70b824a47c.jpg?w=160&h=160,「海外にアニメカルチャーを広げたい」というコンセプトのもと、高品質で世界基準のアニメ作品を、日本だけでなく全世界に向けて発信していく新しいアニメ枠「＋Ultra」（プラスウルトラ）。第1弾としてTVアニメ「イングレス」（正式名称：「INGRESS THE ANIMATION」）。監督は、「ソウタイセカイ」（脚本・監督）、「新世紀いんぱくつ。」（脚本・監督）、「花とアリス殺人事件」（CG ディレクター）などで注目を集めた気鋭のクリエイター・櫻木優平さん。キャラクター原案は、「ヱヴァンゲリヲン新劇場版」シリーズの総作画監督などを務めた本田雄さん。石井朋彦さんがプロデューサーを担当。制作は、デジタルテクノロジーを駆使したハイクオリティな作品を発表し続けるアニメーションスタジオ、クラフター。
69,Re:ゼロから始める異世界生活 Memory Snow,https://akiba-souken.k-img.com/thumbnail/images/official/c5/c5197ae330aea3110f1f639b7247ed29.jpg?w=160&h=160,主人公である有馬たくやは幼少期に母を亡くし、歴史学者である父も二ヶ月前に事故で亡くしてしまった。すべてにおいて活力を失ってしまった高校生活最後の夏休み。ある日、用途不明の丸い鏡とガラス玉のはまった妙な物体が入っ...
70,Re:CREATORS,https://akiba-souken.k-img.com/thumbnail/images/official/dd/ddd575af73c45c0af890a55844e0e7bd.jpg?w=160&h=160,３つの物語の舞台は約100年後の日本とアジア――その現在、過去、未来に起きる事件が語られる。事件に立ち向かうのは、規定値を超えた〈犯罪係数〉を計測された〈執行官〉たちと〈シビュラシステム〉が適性を見出したエリー...
71,PERSONA5 the Animation,https://akiba-souken.k-img.com/thumbnail/images/official/01/01ea0065d23498e0a5c9446ff986d94c.jpg?w=160&h=160,白虎と黒獣――中島敦と芥川龍之介の共闘がフランシス・Ｆとの決戦を制し、 大国より襲来した「組合（ギルド）」との巨大異能戦争は終結を迎えた。 その戦いの中で結ばれた「武装探偵社」と「ポート・マフィア」の休戦協定も...
72,ReLIFE 完結編,https://akiba-souken.k-img.com/thumbnail/images/official/38/38fdd73c684cad3b6a5f12ece7de1360.jpg?w=160&h=160,第15回電撃小説大賞＜大賞＞を受賞した川原礫さんの小説を原作としたアニメ作品で、謎の次世代オンラインゲーム《ソードアート・オンライン》を舞台に主人公・キリトの活躍を描き人気となった。TVアニメ第1期が2012年7月～12月に、第2期が2014年7月～12月に放送された。2017年2月18日には、川原さん書き下ろしストーリーのアニメ映画「劇場版 ソードアート･オンライン -オーディナル・スケール-」が公開。興行収入が全世界累計43億円突破の大ヒットを記録。そして「ソードアート・オンライン アリシゼーション」と「ソードアート・オンライン オルタナティブ ガンゲイル・オンライン」のTVアニメ化が決定、「ソードアート・オンライン オルタナティブ ガンゲイル・オンライン」が2018年4月に放送された。
73,異世界魔王と召喚少女の奴隷魔術,https://akiba-souken.k-img.com/thumbnail/images/official/e7/e72770475eca3d771b9fe007e4d9e675.jpg?w=160&h=160,オンラインRPGゲーム「ファンタシースターオンライン2」の公式WEBマンガ「ぷそ煮コミ」をアニメ化。YouTube、ニコニコ動画にて配信。ゲームの運営元であるセガゲームスが製作を務め、マンガ著者であるペケこがキャラクター原案を務める。キャストは、みたらし役に田辺留依、テトラ役に引坂理絵、イチカ役に金田アキ、ゼクト役に佐藤友啓、牧野役に千本木彩花など。
74,INGRESS THE ANIMATION,https://akiba-souken.k-img.com/thumbnail/images/official/98/986527d71ca0a1c0dbe7b2b3f4ef3149.jpg?w=160&h=160,血風剣戟冒険譚、開幕。舞台は、大正日本。炭を売る心優しき少年・炭治郎の日常は、家族を鬼に皆殺しにされたことで一変した。 唯一生き残ったが凶暴な鬼に変異した妹・禰豆子を元に戻す為、また家族を殺した鬼を討つ為、2人...
75,この世の果てで恋を唄う少女YU-NO,https://akiba-souken.k-img.com/thumbnail/images/official/c5/c5457ffa552a001831efc716639925a3.jpg?w=160&h=160,【2016年秋アニメ4位】 遠藤浅蜊さんによるライトノベルをアニメ化。プレイヤー数万人に1人を本物の「魔法少女」にする力を持つソーシャルゲーム「魔法少女育成計画」をプレイしていた中学生・姫河小雪は、「増えすぎた魔法少女を半分に減らす」という運営の宣言のもと、熾烈な戦いに巻き込まれていく……。可憐な外見の16人の魔法少女たちが繰り広げる、予想を裏切る激しいバトルをが大きな見どころ。
76,PSYCHO-PASS サイコパス  Sinners of the System Case.1「罪と罰」,https://akiba-souken.k-img.com/thumbnail/images/official/ae/aee7578d1bb42f4329357df5baf05ff8.jpg?w=160&h=160,幼いころに母を亡くして以来、心を閉ざしがちな真。彼をずっと見守ってきた、幼なじみの琴莉。高校三年の今、ようやく一歩を踏み出そうとしたふたりの前に突然、もうひとつの日本から、もうひとりの「僕」が現れる――。
77,文豪ストレイドッグス(第3シーズン),https://akiba-souken.k-img.com/thumbnail/images/official/e4/e4ff039836b7b8717609ade948cf5005.jpg?w=160&h=160,"桜日梯子さんによるコミックス。2013年7月に連載が開始されたシリーズの累計発行部数は200万部突破の大人気BLコミック。5年連続で”抱かれたい男1位”だったベテラン俳優・西條高人と、その座を奪った新人俳優・東谷准太。芸能界を舞台に繰り広げられる”抱かれたい男”ツートップ同士の禁断のスキャンダルをセンセーショナルに描いた話題作。
本作を原作としたTVアニメが2018年10月に放送。TVアニメは監督に龍輪直征さん、シリーズ構成に成田良美さん、キャラクターデザインに芝美奈子さん、音楽に横山克さん、音響監督に本山哲さん、そしてアニメーション制作はCloverWorksが担当する。"
78,ソードアート・オンライン アリシゼーション,https://akiba-souken.k-img.com/thumbnail/images/official/d9/d944737c91eb08db0ab213eb84f5d9f9.jpg?w=160&h=160,柳内たくみさんがWeb上の小説投稿サイトで連載を行っていた小説を原作としたアニメ作品。日本の陸上自衛隊が近代兵器を駆使して異世界で活躍するエンタメファンタジーだ。銀座に突如現れたゲートを通り、異世界への偵察隊の指揮を任されたオタク自衛官の伊丹耀司二等陸尉は、巨大な炎龍に襲われる村人たちを助けたことで、エルフや魔導師、亜神ら異世界の美少女達と奇妙な交流を持つことになるが……。監督は「ラブライブ！」の京極尚彦さん。制作はA-1 Picturesが担当する。
79,アニメぷそ煮コミ,https://akiba-souken.k-img.com/thumbnail/images/official/21/214632a6d5aa2a81c6a3e75506997bf7.jpg?w=160&h=160,2016年から週刊少年ジャンプ（集英社）にて連載中の、ミウラタダヒロさんによるマンガ。元温泉旅館の下宿「ゆらぎ荘」を舞台に、そこに住むことになった肉体派霊能力者の主人公・冬空コガラシと、主人公の部屋に住みつく幽霊少女をはじめ、同級生の美少女、忍者や猫系女子、セクシーなお姉さんといった個性豊かなゆらぎ荘の同居人たちとのドタバタを描いたラブコメディー。TVアニメのスタッフは、監督が「這いよれ！ニャル子さん」の長澤剛さん、キャラクターデザインが「To LOVEる-とらぶる-ダークネス」の竹谷今日子さん、シリーズ構成が「GJ部」の子安秀明さん、音響監督が「食戟のソーマ」の明田川仁さん、音楽が「ニセコイ」の菊谷知樹さん。アニメーション制作は「クロックワーク・プラネット」「フルメタル・パニック! Invisible Victory」を手がけたXEBECが担当する。
80,鬼滅の刃,https://akiba-souken.k-img.com/thumbnail/images/official/f3/f35ddebca35d4ce3a82cc5af635f03e3.jpg?w=160&h=160,出会いは最低だったのにいつの間にか雛の胸は高鳴っていく。雛は中学の先輩・恋雪に惹かれ同じ高校に進学を決意して猛勉強。幼なじみの虎太朗と桜丘高校に入学する。冴えなかった恋雪は片思いの相手の為に、休み明けにイメチェ...
81,魔法少女育成計画,https://akiba-souken.k-img.com/thumbnail/images/official/c0/c08903c792af8d33bb89f2b037cc50a7.jpg?w=160&h=160,【2017年春アニメ1位】思春期の中学生たちが抱く揺れる思いや恋愛模様を描くオリジナルTVアニメ。監督は「蒼き鋼のアルペジオ ‐アルス・ノヴァ‐」の岸誠二さん、構成・脚本は「デジモンアドベンチャー tri.」の柿原優子さん、アニメーション制作は「やはり俺の青春ラブコメは間違っている。続」「この美術部には問題がある！」のfeel.が担当。
82,あした世界が終わるとしても,https://akiba-souken.k-img.com/thumbnail/images/official/ba/ba3c146f814e1cea8f972f7bd70f5f68.jpg?w=160&h=160,マーベラスによる大型メディアミックスプロジェクトのひとつであるオリジナルアニメ。マーメイドという島を舞台に、美少女セクシーバトルが繰り広げられる。同プロジェクトは、“おっぱい”をこよなく愛する「閃乱カグラ」の高木謙一郎さん（ゲームプロデューサー）と「聖痕のクェイサー」の金子ひらくさん（アニメ監督）を中心とした企画である。
83,抱かれたい男1位に脅されています。,https://akiba-souken.k-img.com/thumbnail/images/official/f8/f8291d9694d426ce86455bbdf0abd291.jpg?w=160&h=160,高校中退、いわゆる自宅警備員! からの～、やっと決まった就職先は、ドラゴンが空を飛ぶ異世界だった! だが生粋のオタクである主人公・加納慎一は困惑するどころか欣喜雀躍、喜色満面。なぜならその異世界―――エルダント...
84,GATE(ゲート) 自衛隊 彼の地にて、斯く戦えり,https://akiba-souken.k-img.com/thumbnail/images/official/91/9164253da4a5404ada0df6cff748a439.jpg?w=160&h=160,鷹山誠一さんによるHJ文庫にて刊行中のライトノベル（イラスト：ゆきさん）。戦乱の黎明世界「ユグドラシル」に迷い込んだ現代の少年・周防勇斗が、盃の契りを結び彼に絶対の忠誠を誓う麗しき戦乙女たちが織りなす、爽快無双ファンタジークロニクルで、現在15巻まで発売中。またコミカライズもされており、現在1～3巻までが発売中。TVアニメの監督は小林浩輔さん、シリーズ構成は高橋ナツコさん、キャラクター原案はゆきさんさん、キャラクターデザインはいとうまりこさん、総作画監督はいとうまりこ、谷津美弥子さん、アニメーション制作はEMTスクエアードが担当する。
85,ゆらぎ荘の幽奈さん,https://akiba-souken.k-img.com/thumbnail/images/official/5b/5bec81d5922b737703c8a0f3f3d5f848.jpg?w=160&h=160,ユキヲさんがWEBコミックサイト【COMIC メテオ】にて連載中の人気コミック。「地上最強の黒魔術師であり、悪魔の意思を人々に伝える者」という脳内設定で生活している女子大生・花園ゆりねは、古本屋で手に入れた魔導書で魔界の悪魔・通称「邪神ちゃん」を召喚してしまう。魔界に帰りたがる邪神ちゃんだが、ゆりねは帰す方法が分からず仕方なくボロアパートで共同生活を始めることになる。しかし、召喚者が死ねば魔界に帰れることから、邪神ちゃんは隙あらば必殺技・殺人ドロップキックでゆりねの暗殺を試みるが、逆にゆりねの返り討ちにあってしまい…ポンコツかわいい邪神ちゃんと、冷酷非情なゆりねが繰り広げるちょっとキケンな同居生活コメディ。製作総指揮が夏目公一朗さん、シリーズ構成は筆安一幸さん、脚本は筆安一幸さん、村上桃子さん、キャラクターデザイン・総作画監督は古賀誠さん、音響制作はエスタ―セブン、アニメーション制作はノーマッドが担当。
86,好きになるその瞬間を。～告白実行委員会～,https://akiba-souken.k-img.com/thumbnail/images/official/ec/ecd839caee779539c4b8db98ce1fb80e.jpg?w=160&h=160,神時代以前より受け継がれている【神月祭】に沸き立つ迷宮都市（オラリオ）――【リトル・ルーキー】として都市を賑わせた冒険者ベル・クラネルと、彼の主神ヘスティアも、その喧騒の只中に身を置いていた。夜の闇を照らし出す...
87,月がきれい,https://akiba-souken.k-img.com/thumbnail/images/official/ec/ecf5c41da23079d9c0d9123a8de05c70.jpg?w=160&h=160,光和2年。世界は再編成された超合集国を中心にまとまり、平和な日々を謳歌していた。しかし、平和は突如として終わりを告げる。仮面の男・ゼロとして、ナナリーの難民キャンプ慰問に同行したスザクが謎のナイトメアフレームに...
88,VALKYRIE DRIVE -MERMAID-,https://akiba-souken.k-img.com/thumbnail/images/official/db/dbd214447f7a88a79e48f3464106f48b.jpg?w=160&h=160,Happy Elementsが原作を手がけるオリジナルTVアニメ。不思議な事件に巻き込まれ、真夜中にひっそりと営業している「カフェ・フォービドゥン」に迷い込んだ少女バイルー・トンを巡り、静かな夜のロンドンを舞台に描かれる異能ファンタジー。原作は「あんさんぶるスターズ」のHHappy Elements、監督は「少年陰陽師」の森邦宏さん、シリーズ構成・ストーリーは「冴えない彼女の育てかた」の丸戸史明さん、キャラクター原案は「フラクタル」の左さん、クリーチャーデザインはZトン、アニメーション制作は「テラフォーマーズ」「LOST SONG」のライデンフィルムが担当する。
89,スター☆トゥインクルプリキュア,https://images-na.ssl-images-amazon.com/images/I/51M31lwShkL.jpg,"「デビルズライン」は、月刊「モーニング・ツー」（講談社）にて連載中の花田陵さんによるコミック。鬼とヒトが共存する世界を舞台にしたアクションあり、恋愛あり、切なエロあり異色ダークファンタジーで、電子書籍でも爆発的な人気を誇っており、2017年7月にはアニメ化が発表されていた。
安斎結貴役に松岡禎丞さん、平つかさ役に石川由依さん、李ハンス役に木村良平さん、沢崎孝役に細谷佳正さん、ジュリアナ・ロイド役に沢城みゆきさん、菊原桐郎役に櫻井孝宏さん、牧村武史役に神谷浩史さん、天城那々子役に東山奈央さんなど人気キャストが多数出演する。"
90,アウトブレイク・カンパニー 萌える侵略者,https://images-na.ssl-images-amazon.com/images/I/81H%2BofcEVZL.jpg,サンマリノ共和国の名家に生まれ、イタリア最大手のホテルチェーンを経営するロッセリーニ財閥の若き会長であり、スーパーモデルなどとしても活躍するお騒がせセレブのレベッカ（藤井ゆきよ）が誘拐された。レベッカの熱狂的な...
